cd_Ugestora,dt_Ano,de_Ugestora,Eleito,Classe
201001,2009,AGUA BRANCA,AROUDO FIRMINO BATISTA,IRREGULAR
201001,2013,AGUA BRANCA,TARCISIO ALVES FIRMINO,IRREGULAR
201002,2009,AGUIAR,MANOEL BATISTA GUEDES FILHO,NAO IRREGULAR
201002,2013,AGUIAR,MANOEL BATISTA GUEDES FILHO,NAO IRREGULAR
201003,2009,ALAGOA GRANDE,JOAO BOSCO CARNEIRO JUNIOR,NAO IRREGULAR
201003,2013,ALAGOA GRANDE,HILDON REGIS NAVARRO FILHO,NAO IRREGULAR
201004,2009,ALAGOA NOVA,KLEBER HERCULANO DE MORAES,IRREGULAR
201004,2013,ALAGOA NOVA,KLEBER HERCULANO DE MORAES,NAO IRREGULAR
201005,2009,ALAGOINHA,ALCIONE MARACAJA DE MORAIS BELTRAO,IRREGULAR
201005,2013,ALAGOINHA,ALCIONE MARACAJA DE MORAIS BELTRAO,NAO IRREGULAR
201006,2009,ALCANTIL,JOSE MILTON RODRIGUES,NAO IRREGULAR
201006,2013,ALCANTIL,JOSE ADEMAR DE FARIAS,NAO IRREGULAR
201007,2009,ALGODAO DE JANDAIRA,ISAC RODRIGO ALVES,IRREGULAR
201007,2013,ALGODAO DE JANDAIRA,HUMBERTO DOS SANTOS,IRREGULAR
201008,2009,ALHANDRA,RENATO MENDES LEITE,IRREGULAR
201008,2013,ALHANDRA,MARCELO RODRIGUES DA COSTA,NAO IRREGULAR
201009,2009,AMPARO,JOAO LUIS DE LACERDA JUNIOR,NAO IRREGULAR
201009,2013,AMPARO,JOSE ARNALDO DA SILVA,NAO IRREGULAR
201010,2009,APARECIDA,DEUSIMAR PIRES FERREIRA,NAO IRREGULAR
201010,2013,APARECIDA,JULIO CESAR QUEIROGA DE ARAUJO,NAO IRREGULAR
201011,2009,ARACAGI,ONILDO CAMARA FILHO,NAO IRREGULAR
201011,2013,ARACAGI,JOSE ALEXANDRINO PRIMO,IRREGULAR
201012,2009,ARARA,JOSE ERNESTO DOS SANTOS SOBRINHO,NAO IRREGULAR
201012,2013,ARARA,ERALDO FERNANDES DE AZEVEDO,NAO IRREGULAR
201013,2009,ARARUNA,WILMA TARGINO MARANHAO,IRREGULAR
201013,2013,ARARUNA,WILMA TARGINO MARANHAO,NAO IRREGULAR
201014,2009,AREIA,ELSON DA CUNHA LIMA FILHO,NAO IRREGULAR
201014,2013,AREIA,PAULO GOMES PEREIRA,NAO IRREGULAR
201015,2009,AREIA DE BARAUNAS,VANDERLITA GUEDES PEREIRA,NAO IRREGULAR
201015,2013,AREIA DE BARAUNAS,VANDERLITA GUEDES PEREIRA,NAO IRREGULAR
201016,2009,AREIAL,ADELSON GONCALVES BENJAMIN,NAO IRREGULAR
201016,2013,AREIAL,CICERO PEDRO MEDA DE ALMEIDA,NAO IRREGULAR
201017,2009,AROEIRAS,GILSEPPE DE OLIVEIRA SOUSA,IRREGULAR
201017,2013,AROEIRAS,MYLTON DOMINGUES DE AGUIAR MARQUES,IRREGULAR
201018,2009,ASSUNCAO,LUIZ WALDVOGEL  DE OLIVEIRA SANTOS,NAO IRREGULAR
201018,2013,ASSUNCAO,RAFAEL ANDERSON DE FARIAS OLIVEIRA,NAO IRREGULAR
201019,2009,BAIA DA TRAICAO,JOSE ALBERTO DIAS FREIRE,NAO IRREGULAR
201019,2013,BAIA DA TRAICAO,MANUEL MESSIAS RODRIGUES,NAO IRREGULAR
201020,2009,BANANEIRAS,MARTA ELEONORA ARAGAO RAMALHO,NAO IRREGULAR
201020,2013,BANANEIRAS,DOUGLAS LUCENA MOURA DE MEDEIROS,NAO IRREGULAR
201021,2009,BARAUNA,ALYSON JOSE DA SILVA AZEVEDO,IRREGULAR
201021,2013,BARAUNA,ALYSON JOSE SILVA AZEVEDO,NAO IRREGULAR
201022,2009,BARRA DE SANTA ROSA,EVALDO COSTA GOMES,IRREGULAR
201022,2013,BARRA DE SANTA ROSA,FABIAN DUTRA SILVA,IRREGULAR
201023,2009,BARRA DE SANTANA,MANOEL ALMEIDA DE ANDRADE,NAO IRREGULAR
201023,2013,BARRA DE SANTANA,JOVENTINO ERNESTO DO REGO NETO,NAO IRREGULAR
201024,2009,BARRA DE SAO MIGUEL,LUZINECTT TEXEIRA LOPES,IRREGULAR
201024,2013,BARRA DE SAO MIGUEL,LUZINECTT TEIXEIRA LOPES,NAO IRREGULAR
201025,2009,BAYEUX,JOSIVAL JUNIOR DE SOUZA,IRREGULAR
201025,2013,BAYEUX,EXPEDITO PEREIRA DE SOUZA,NAO IRREGULAR
201026,2009,BELEM,ROBERTO FLAVIO GUEDES BARBOSA,NAO IRREGULAR
201026,2013,BELEM,EDGARD GAMA,NAO IRREGULAR
201027,2009,BELEM DO BREJO DO CRUZ,GERMANO LACERDA DA CUNHA,IRREGULAR
201027,2013,BELEM DO BREJO DO CRUZ,GERMANO LACERDA DA CUNHA,NAO IRREGULAR
201028,2009,BERNARDINO BATISTA,JOSE EDOMARQUES GOMES,NAO IRREGULAR
201028,2013,BERNARDINO BATISTA,GERVAZIO GOMES DOS SANTOS,NAO IRREGULAR
201029,2009,BOA VENTURA,JOSE PINTO NETO,NAO IRREGULAR
201029,2013,BOA VENTURA,MARIA LEONICE LOPES VITAL,NAO IRREGULAR
201030,2009,BOA VISTA,EDVAN PEREIRA LEITE,IRREGULAR
201030,2013,BOA VISTA,EDVAN PEREIRA LEITE,NAO IRREGULAR
201031,2009,BOM JESUS,MANOEL DANTAS VENCESLAU,IRREGULAR
201031,2013,BOM JESUS,ROBERTO BANDEIRA DE MELO BARBOSA,IRREGULAR
201032,2009,BOM SUCESSO,GILSON CAVALCANTE DE OLIVEIRA,NAO IRREGULAR
201032,2013,BOM SUCESSO,IVALDO WASHINGTON DE LIMA,NAO IRREGULAR
201033,2009,BONITO DE SANTA FE,ALDERI DE OLIVEIRA CAJU,IRREGULAR
201033,2013,BONITO DE SANTA FE,ALDERI DE OLIVEIRA CAJU,NAO IRREGULAR
201034,2009,BOQUEIRAO,CARLOS JOSE CASTRO MARQUES,NAO IRREGULAR
201034,2013,BOQUEIRAO,JOAO PAULO BARBOSA LEAL SEGUNDO,NAO IRREGULAR
201035,2009,BORBOREMA,JOSE RENATO EDUARDO DOS SANTOS,NAO IRREGULAR
201035,2013,BORBOREMA,MARIA PAULA GOMES PEREIRA,NAO IRREGULAR
201036,2009,BREJO DO CRUZ,FRANCISCO DUTRA SOBRINHO,NAO IRREGULAR
201036,2013,BREJO DO CRUZ,ANA MARIA DUTRA DA SILVA,NAO IRREGULAR
201037,2009,BREJO DOS SANTOS,LAURI FERREIRA DA COSTA,NAO IRREGULAR
201037,2013,BREJO DOS SANTOS,LUIZ VIEIRA DE ALMEIDA,NAO IRREGULAR
201038,2009,CAAPORA,JOAO BATISTA SOARES,IRREGULAR
201038,2013,CAAPORA,JOAO BATISTA SOARES,IRREGULAR
201039,2009,CABACEIRAS,RICARDO JORGE DE FARIAS AIRES,NAO IRREGULAR
201039,2013,CABACEIRAS,LUIZ AIRES CAVALCANTE,NAO IRREGULAR
201040,2009,CABEDELO,JOSE FRANCISCO REGIS,IRREGULAR
201040,2013,CABEDELO,JOSE MARIA DE LUCENA FILHO,IRREGULAR
201041,2009,CACHOEIRA DOS INDIOS,ARLINDO FRANCISCO DE SOUSA,NAO IRREGULAR
201041,2013,CACHOEIRA DOS INDIOS,FRANCISCO DANTAS RICARTE,NAO IRREGULAR
201042,2009,CACIMBA DE AREIA,INACIO ROBERTO DE LIRA CAMPOS,IRREGULAR
201042,2013,CACIMBA DE AREIA,ORISMAN FERREIRA DA NOBREGA,IRREGULAR
201043,2009,CACIMBA DE DENTRO,EDMILSON GOMES DE SOUZA,IRREGULAR
201043,2013,CACIMBA DE DENTRO,EDMILSON GOMES DE SOUZA,NAO IRREGULAR
201044,2009,CACIMBAS,NILTON DE ALMEIDA,IRREGULAR
201044,2013,CACIMBAS,GERALDO TERTO DA SILVA,NAO IRREGULAR
201045,2009,CAICARA,HUGO ANTONIO LISBOA ALVES,NAO IRREGULAR
201045,2013,CAICARA,CICERO FRANCISCO DA SILVA,NAO IRREGULAR
201046,2009,CAJAZEIRAS,LEONID SOUZA DE ABREU,NAO IRREGULAR
201046,2013,CAJAZEIRAS,FRANCISCA DENISE ALBUQUERQUE DE OLIVEIRA,NAO IRREGULAR
201047,2009,CAJAZEIRINHAS,JOSE ALMEIDA SILVA,IRREGULAR
201047,2013,CAJAZEIRINHAS,CRISTOVAO AMARO DA SILVA FILHO,NAO IRREGULAR
201048,2009,CALDAS BRANDAO,JOAO BATISTA DIAS,IRREGULAR
201048,2013,CALDAS BRANDAO,NEUMA RODRIGUES DE MOURA SOARES,IRREGULAR
201049,2009,CAMALAU,ARISTEU CHAVES SOUSA,NAO IRREGULAR
201049,2013,CAMALAU,JACINTO BEZERRA DA SILVA,NAO IRREGULAR
201050,2009,CAMPINA GRANDE,VENEZIANO VITAL DO REGO SEGUNDO NETO,NAO IRREGULAR
201050,2013,CAMPINA GRANDE,ROMERO RODRIGUES VEIGA,NAO IRREGULAR
201051,2009,CAMPO DE SANTANA,TARGINO PEREIRA DA COSTA NETO,NAO IRREGULAR
201051,2013,CAMPO DE SANTANA,ERIVAN BEZERRA DANIEL,NAO IRREGULAR
201052,2009,CAPIM,EUCLIDES SERGIO COSTA DE LIMA,NAO IRREGULAR
201052,2013,CAPIM,EDVALDO CARLOS FREIRE JUNIOR,NAO IRREGULAR
201053,2009,CARAUBAS,SEVERINO VIRGINIO DA SILVA,NAO IRREGULAR
201053,2013,CARAUBAS,SEVERINO VIRGINIO DA SILVA,NAO IRREGULAR
201054,2009,CARRAPATEIRA,JOSE ARDISON PEREIRA,IRREGULAR
201054,2013,CARRAPATEIRA,ANDRE PEDROSA ALVES,IRREGULAR
201055,2009,CASSERENGUE,GENIVAL BENTO DA SILVA,IRREGULAR
201055,2013,CASSERENGUE,LUIS CARLOS FRANCISCO DOS SANTOS,NAO IRREGULAR
201056,2009,CATINGUEIRA,JOSE EDIVAN FELIX,IRREGULAR
201056,2013,CATINGUEIRA,ALBINO FELIX DE SOUSA NETO,IRREGULAR
201057,2009,CATOLE DO ROCHA,EDVALDO CAETANO DA SILVA,IRREGULAR
201057,2013,CATOLE DO ROCHA,LEOMAR BENICIO MAIA,IRREGULAR
201058,2009,CATURITE,JOSE GERVAZIO DA CRUZ,NAO IRREGULAR
201058,2013,CATURITE,JAIR DA SILVA RAMOS,IRREGULAR
201059,2009,CONCEICAO,VANI LEITE BRAGA DE FIGUEIREDO,IRREGULAR
201059,2013,CONCEICAO,JOSE IVANILSON SOARES DE LACERDA,NAO IRREGULAR
201060,2009,CONDADO,EUGENIO PACELLI DE LIMA,IRREGULAR
201060,2013,CONDADO,CAIO RODRIGO BEZERRA PAIXAO,IRREGULAR
201061,2009,CONDE,ALUISIO VINAGRE REGIS,NAO IRREGULAR
201061,2013,CONDE,TATIANA LUNDGREN CORREA DE OLIVEIRA,NAO IRREGULAR
201062,2009,CONGO,ROMUALDO ANTONIO QUIRINO DE SOUSA,NAO IRREGULAR
201062,2013,CONGO,ROMUALDO ANTONIO QUIRINO DE SOUSA,NAO IRREGULAR
201063,2009,COREMAS,EDILSON PEREIRA DE OLIVEIRA,IRREGULAR
201063,2013,COREMAS,ANTONIO CARLOS CAVALCANTI LOPES,IRREGULAR
201064,2009,COXIXOLA,NELSON HONORATO DA SILVA,NAO IRREGULAR
201064,2013,COXIXOLA,GIVALDO LIMEIRA DE FARIAS,NAO IRREGULAR
201065,2009,CRUZ DO ESPIRITO SANTO,RAFAEL FERNANDES DE CARVALHO JUNIOR,IRREGULAR
201065,2013,CRUZ DO ESPIRITO SANTO,PEDRO GOMES PEREIRA,NAO IRREGULAR
201066,2009,CUBATI,DIMAS PEREIRA DA SILVA,IRREGULAR
201066,2013,CUBATI,EDUARDO RONIELLE GUIMARAES MARTINS DANTAS,NAO IRREGULAR
201067,2009,CUITE,EUDA FABIANA DE FARIAS PALMEIRA VENANCIO,IRREGULAR
201067,2013,CUITE,EUDA FABIANA DE FARIAS PALMEIRA VENANCIO,NAO IRREGULAR
201068,2009,CUITE DE MAMANGUAPE,ISAURINA DOS SANTOS MEIRELES FILHA,NAO IRREGULAR
201068,2013,CUITE DE MAMANGUAPE,ISAURINA SANTOS MEIRELES DE BRITO,NAO IRREGULAR
201069,2009,CUITEGI,EDNALDO PAULO LINO,NAO IRREGULAR
201069,2013,CUITEGI,GUILHERME CUNHA MADRUGA JUNIOR,NAO IRREGULAR
201070,2009,CURRAL DE CIMA,NADIR FERNANDES DE FARIAS,IRREGULAR
201070,2013,CURRAL DE CIMA,NADIR FERNANDES DE FARIAS,IRREGULAR
201071,2009,CURRAL VELHO,LUIZ ALVES BARBOSA,IRREGULAR
201071,2013,CURRAL VELHO,JOAQUIM ALVES BARBOSA FILHO,IRREGULAR
201072,2009,DAMIAO,MARIA ELEONORA SOARES,IRREGULAR
201072,2013,DAMIAO,LUCILDO FERNANDES DE OLIVEIRA,NAO IRREGULAR
201073,2009,DESTERRO,DILSON DE ALMEIDA,NAO IRREGULAR
201073,2013,DESTERRO,ROSANGELA DE FATIMA LEITE,NAO IRREGULAR
201074,2009,DIAMANTE,HERCULES BARROS MANGUEIRA DINIZ,NAO IRREGULAR
201074,2013,DIAMANTE,MARCILIA MANGUEIRA GUIMARAES,IRREGULAR
201075,2009,DONA INES,ANTONIO JUSTINO DE ARAUJO NETO,NAO IRREGULAR
201075,2013,DONA INES,ANTONIO JUSTINO DE ARAUJO NETO,NAO IRREGULAR
201076,2009,DUAS ESTRADAS,ROBERTO CARLOS NUNES,NAO IRREGULAR
201076,2013,DUAS ESTRADAS,EDSON GOMES DE LUNA,NAO IRREGULAR
201077,2009,EMAS,FERNANDA MARIA MARINHO DE MEDEIROS LOUREIRO,NAO IRREGULAR
201077,2013,EMAS,JOSE WILLIAM SEGUNDO MADRUGA,NAO IRREGULAR
201078,2009,ESPERANCA,NOBSON PEDRO DE ALMEIDA,IRREGULAR
201078,2013,ESPERANCA,ANDERSON MONTEIRO COSTA,NAO IRREGULAR
201079,2009,FAGUNDES,GILBERTO MUNIZ DANTAS,IRREGULAR
201079,2013,FAGUNDES,JOSE PEDRO DA SILVA,IRREGULAR
201080,2009,FREI MARTINHO,FRANCIVALDO SANTOS DE ARAUJO,IRREGULAR
201080,2013,FREI MARTINHO,AGUIFAILDO LIRA DANTAS,NAO IRREGULAR
201081,2009,GADO BRAVO,AUSTERLIANO EVALDO ARAUJO,NAO IRREGULAR
201081,2013,GADO BRAVO,AUSTERLIANO EVALDO ARAUJO,NAO IRREGULAR
201082,2009,GUARABIRA,MARIA DE FATIMA DE AQUINO PAULINO,NAO IRREGULAR
201082,2013,GUARABIRA,ZENOBIO TOSCANO DE OLIVEIRA,IRREGULAR
201083,2009,GURINHEM,CLAUDINO CESAR FREIRE,IRREGULAR
201083,2013,GURINHEM,TARCISIO SAULO DE PAIVA,IRREGULAR
201084,2009,GURJAO,JOSE MARTINHO CANDIDO DE CASTRO,IRREGULAR
201084,2013,GURJAO,RONALDO RAMOS DE QUEIROZ,NAO IRREGULAR
201085,2009,IBIARA,PEDRO FEITOZA LEITE,NAO IRREGULAR
201085,2013,IBIARA,PEDRO FEITOZA LEITE,NAO IRREGULAR
201086,2009,IGARACY,JUCELINO LIMA DE FARIAS,NAO IRREGULAR
201086,2013,IGARACY,DEUSALEIDE JERONIMO LEITE,NAO IRREGULAR
201087,2009,IMACULADA,JOSE RIBAMAR DA SILVA,IRREGULAR
201087,2013,IMACULADA,ALDO LUSTOSA DA SILVA,IRREGULAR
201088,2009,INGA,LUIZ CARLOS MONTEIRO DA SILVA,IRREGULAR
201088,2013,INGA,MANOEL BATISTA CHAVES FILHO,IRREGULAR
201089,2009,ITABAIANA,EURIDICE MOREIRA DA SILVA,NAO IRREGULAR
201089,2013,ITABAIANA,ANTONIO CARLOS RODRIGUES DE MELO JUNIOR,IRREGULAR
201090,2009,ITAPORANGA,DJACI FARIAS BRASILEIRO,NAO IRREGULAR
201090,2013,ITAPORANGA,AUDIBERG ALVES DE CARVALHO,NAO IRREGULAR
201091,2009,ITAPOROROCA,CELSO DE MORAIS ANDRADE NETO,IRREGULAR
201091,2013,ITAPOROROCA,CELSO DE MORAIS ANDRADE NETO,NAO IRREGULAR
201092,2009,ITATUBA,RENATO LACERDA MARTINS,IRREGULAR
201092,2013,ITATUBA,ARON RENE MARTINS DE ANDRADE,IRREGULAR
201093,2009,JACARAU,MARIA CRISTINA DA SILVA,IRREGULAR
201093,2013,JACARAU,JOAO RIBEIRO FILHO,IRREGULAR
201094,2009,JERICO,RINALDO DE OLIVEIRA SOUZA,NAO IRREGULAR
201094,2013,JERICO,CLAUDEEIDE DE OLIVEIRA MELO,NAO IRREGULAR
201095,2009,JOAO PESSOA,RICARDO VIEIRA COUTINHO,IRREGULAR
201095,2013,JOAO PESSOA,LUCIANO CARTAXO PIRES DE SA,NAO IRREGULAR
201096,2009,JUAREZ TAVORA,JOSE ALVES FEITOSA,IRREGULAR
201096,2013,JUAREZ TAVORA,MARIA ANA FARIAS DOS SANTOS,NAO IRREGULAR
201097,2009,JUAZEIRINHO,BEVILACQUA MATIAS MARACAJA,IRREGULAR
201097,2013,JUAZEIRINHO,CARLEUSA CASTRO MARQUES DE OLIVEIRA RAULINO,NAO IRREGULAR
201098,2009,JUNCO DO SERIDO,COSMO SIMOES DE MEDEIROS,IRREGULAR
201098,2013,JUNCO DO SERIDO,COSMO SIMOES DE MEDEIROS,NAO IRREGULAR
201099,2009,JURIPIRANGA,ANTONIO MAROJA GUEDES FILHO,IRREGULAR
201099,2013,JURIPIRANGA,PAULO DALIA TEIXEIRA,NAO IRREGULAR
201100,2009,JURU,JOSE ORLANDO TEOTONIO,IRREGULAR
201100,2013,JURU,LUIZ GALVAO DA SILVA,IRREGULAR
201101,2009,LAGOA,MAGNO DEMYS DE OLIVEIRA BORGES,IRREGULAR
201101,2013,LAGOA,MAGNO DEMYS DE OLIVEIRA BORGES,IRREGULAR
201102,2009,LAGOA DE DENTRO,SUELI MADRUGA FREIRE,IRREGULAR
201102,2013,LAGOA DE DENTRO,FABIANO PEDRO DA SILVA,NAO IRREGULAR
201103,2009,LAGOA SECA,EDVARDO HERCULANO DE LIMA,IRREGULAR
201103,2013,LAGOA SECA,JOSE TADEU SALES DE LUNA,NAO IRREGULAR
201104,2009,LASTRO,JOSE VIVALDO DINIZ,IRREGULAR
201104,2013,LASTRO,WILMESON EMMANUEL MENDES SARMENTO,IRREGULAR
201105,2009,LIVRAMENTO,JARBAS CORREIA BEZERRA,IRREGULAR
201105,2013,LIVRAMENTO,CARMELITA ESTEVAO VENTURA SOUSA,IRREGULAR
201106,2009,LOGRADOURO,HUMBERTO LUIS LISBOA ALVES,NAO IRREGULAR
201106,2013,LOGRADOURO,CELIA MARIA DE QUEIROZ CARVALHO,NAO IRREGULAR
201107,2009,LUCENA,ANTONIO MENDONCA MONTEIRO JUNIOR,NAO IRREGULAR
201107,2013,LUCENA,MARCELO SALES DE MENDONCA,NAO IRREGULAR
201108,2009,MAE D'AGUA,PERICLES VIANA DE OLIVEIRA JUNIOR,NAO IRREGULAR
201108,2013,MAE D'AGUA,MARGARIDA MARIA FRAGOSO SOARES,NAO IRREGULAR
201109,2009,MALTA,AJACIO GOMES WANDERLEY,IRREGULAR
201109,2013,MALTA,MANOEL BENEDITO DE LUCENA FILHO,IRREGULAR
201110,2009,MAMANGUAPE,EDUARDO CARNEIRO DE BRITO,IRREGULAR
201110,2013,MAMANGUAPE,EDUARDO CARNEIRO DE BRITO,NAO IRREGULAR
201111,2009,MANAIRA,JOSE SIMAO DE SOUSA,NAO IRREGULAR
201111,2013,MANAIRA,JOSE SIMAO DE SOUSA,NAO IRREGULAR
201112,2009,MARCACAO,ADRIANO DE OLIVEIRA BARRETO,NAO IRREGULAR
201112,2013,MARCACAO,ADRIANO DE OLIVEIRA BARRETO,IRREGULAR
201113,2009,MARI,ANTONIO GOMES DA SILVA,NAO IRREGULAR
201113,2013,MARI,MARCOS AURELIO MARTINS DE PAIVA,NAO IRREGULAR
201114,2009,MARIZOPOLIS,JOSE VIEIRA DA SILVA,IRREGULAR
201114,2013,MARIZOPOLIS,JOSE VIEIRA DA SILVA,NAO IRREGULAR
201115,2009,MASSARANDUBA,PAULO FRACINETTE DE OLIVEIRA,IRREGULAR
201115,2013,MASSARANDUBA,JOANA DARC QUEIROGA MENDONCA COUTINHO,IRREGULAR
201116,2009,MATARACA,JOAO MADRUGA DA SILVA,NAO IRREGULAR
201116,2013,MATARACA,OLIMPIO DE ALENCAR ARAUJO BEZERRA,NAO IRREGULAR
201117,2009,MATINHAS,JOSE COSTA ARAGAO JUNIOR,NAO IRREGULAR
201117,2013,MATINHAS,MARIA DE FATIMA SILVA,IRREGULAR
201118,2009,MATO GROSSO,KATSONARA SOARES DE ANDRADE MONTEIRO,NAO IRREGULAR
201118,2013,MATO GROSSO,RAELLYSON RODRIGO OLIVEIRA MONTEIRO,NAO IRREGULAR
201119,2009,MATUREIA,DANIEL DANTAS WANDERLEY,NAO IRREGULAR
201119,2013,MATUREIA,DANIEL DANTAS WANDERLEY,NAO IRREGULAR
201120,2009,MOGEIRO,ANTONIO JOSE FERREIRA,IRREGULAR
201120,2013,MOGEIRO,ANTONIO JOSE FERREIRA,IRREGULAR
201121,2009,MONTADAS,LINDEMBERGUE SOUZA SILVA,NAO IRREGULAR
201121,2013,MONTADAS,JAIRO HERCULANO DE MELO,NAO IRREGULAR
201122,2009,MONTE HOREBE,ERIVAN DIAS GUARITA,IRREGULAR
201122,2013,MONTE HOREBE,CLAUDIA APARECIDA DIAS,NAO IRREGULAR
201123,2009,MONTEIRO,EDNACE ALVES SILVESTRE HENRIQUE,NAO IRREGULAR
201123,2013,MONTEIRO,EDNACE ALVES SILVESTRE HENRIQUE,NAO IRREGULAR
201124,2009,MULUNGU,JOSE LEONEL DE MOURA,IRREGULAR
201124,2013,MULUNGU,JOANA DARC RODRIGUES BANDEIRA FERRAZ,IRREGULAR
201125,2009,NATUBA,JOSEVALDO ALVES DA SILVA,NAO IRREGULAR
201125,2013,NATUBA,JOSE LINS DA SILVA FILHO,NAO IRREGULAR
201126,2009,NAZAREZINHO,FRANCISCO ASSIS BRAGA JUNIOR,IRREGULAR
201126,2013,NAZAREZINHO,SALVAN MENDES PEDROZA,IRREGULAR
201127,2009,NOVA FLORESTA,JOAO  ELIAS DA SILVEIRA NETO AZEVEDO,IRREGULAR
201127,2013,NOVA FLORESTA,JOAO ELIAS DA SILVEIRA NETO AZEVEDO,NAO IRREGULAR
201128,2009,NOVA OLINDA,MARIA GALDINO IRMA,IRREGULAR
201128,2009,NOVA OLINDA,MARIA DO CARMO SILVA,IRREGULAR
201128,2013,NOVA OLINDA,MARIA DO CARMO SILVA,NAO IRREGULAR
201129,2009,NOVA PALMEIRA,JOSE PETRONILO DE ARAUJO,IRREGULAR
201129,2013,NOVA PALMEIRA,JOSE FELIX DE LIMA FILHO,NAO IRREGULAR
201130,2009,OLHO D'AGUA,FRANCISCO DE ASSIS CARVALHO,NAO IRREGULAR
201130,2013,OLHO D'AGUA,FRANCISCO DE ASSIS CARVALHO,NAO IRREGULAR
201131,2009,OLIVEDOS,JOSIMAR GONCALVES COSTA,IRREGULAR
201131,2013,OLIVEDOS,GRIGORIO DE ALMEIDA SOUTO,NAO IRREGULAR
201132,2009,OURO VELHO,INACIO AMARO DOS SANTOS FILHO,IRREGULAR
201132,2013,OURO VELHO,NATALIA CARNEIRO NUNES DE LIRA,IRREGULAR
201133,2009,PARARI,SOLANGE AIRES CALUETE GUIMARAES,NAO IRREGULAR
201133,2013,PARARI,JOSE JOSEMAR FERREIRA DE SOUZA,NAO IRREGULAR
201134,2009,PASSAGEM,AGAMENON BALDUINO DA NOBREGA,NAO IRREGULAR
201134,2013,PASSAGEM,MAGNO SILVA MARTINS,NAO IRREGULAR
201135,2009,PATOS,NABOR WANDERLEY DA NOBREGA FILHO,NAO IRREGULAR
201135,2013,PATOS,FRANCISCA GOMES ARAUJO MOTTA,NAO IRREGULAR
201136,2009,PAULISTA,SEVERINO PEREIRA DANTAS,IRREGULAR
201136,2013,PAULISTA,SEVERINO PEREIRA DANTAS,IRREGULAR
201137,2009,PEDRA BRANCA,JOSE DE ANCHIETA NOIA,NAO IRREGULAR
201137,2013,PEDRA BRANCA,JOSE DE ANCHIETA NOIA,NAO IRREGULAR
201138,2009,PEDRA LAVRADA,JOSE ANTONIO VASCONCELOS DA COSTA,IRREGULAR
201138,2013,PEDRA LAVRADA,ROBERTO JOSE VASCONCELOS CORDEIRO,IRREGULAR
201139,2009,PEDRAS DE FOGO,MARIA CLARICE RIBEIRO BORBA,IRREGULAR
201139,2013,PEDRAS DE FOGO,DERIVALDO ROMAO DOS SANTOS,NAO IRREGULAR
201140,2009,PEDRO REGIS,SEVERINO BATISTA DE CARVALHO,NAO IRREGULAR
201140,2013,PEDRO REGIS,JOSE AURELIO FERREIRA,NAO IRREGULAR
201141,2009,PIANCO,FLAVIA SERRA GALDINO,IRREGULAR
201141,2013,PIANCO,FRANCISCO SALES DE LIMA LACERDA,IRREGULAR
201142,2009,PICUI,RUBENS GERMANO COSTA,NAO IRREGULAR
201142,2013,PICUI,ACACIO ARAUJO DANTAS,NAO IRREGULAR
201143,2009,PILAR,VIRGINIA MARIA PEIXOTO VELLOSO BORGES,IRREGULAR
201143,2013,PILAR,VIRGINIA MARIA PEIXOTO VELLOSO BORGES,NAO IRREGULAR
201144,2009,PILOES,FELIX ANTONIO MENEZES DA CUNHA,NAO IRREGULAR
201144,2013,PILOES,ADRIANA APARECIDA SOUZA DE ANDRADE,NAO IRREGULAR
201145,2009,PILOEZINHOS,GERALDO MENDES DA SILVA JUNIOR,NAO IRREGULAR
201145,2013,PILOEZINHOS,ROSINALDO LUCENA MENDES,NAO IRREGULAR
201146,2009,PIRPIRITUBA,RINALDO DE LUCENA GUEDES,IRREGULAR
201146,2013,PIRPIRITUBA,RINALDO DE LUCENA GUEDES,NAO IRREGULAR
201147,2009,PITIMBU,JOSE ROMULO CARNEIRO DE ALBUQUERQUE,IRREGULAR
201147,2013,PITIMBU,LEONARDO JOSE BARBALHO CARNEIRO,IRREGULAR
201148,2009,POCINHOS,ARTHUR BOMFIM GALDINO DE ARAUJO,IRREGULAR
201148,2013,POCINHOS,CLAUDIO CHAVES COSTA,NAO IRREGULAR
201149,2009,POCO DANTAS,ITAMAR MOREIRA FERNANDES,NAO IRREGULAR
201149,2013,POCO DANTAS,JOSE GURGEL SOBRINHO,NAO IRREGULAR
201150,2009,POCO DE JOSE DE MOURA,MANOEL ALVES NETO,NAO IRREGULAR
201150,2013,POCO DE JOSE DE MOURA,AURILEIDE EGIDIO DE MOURA,NAO IRREGULAR
201151,2009,POMBAL,YASNAYA POLLYANNA DANTAS WERTON,IRREGULAR
201151,2013,POMBAL,YASNAIA POLLYANNA WERTON DUTRA,NAO IRREGULAR
201152,2009,PRATA,MARCEL NUNES DE FARIAS,NAO IRREGULAR
201152,2013,PRATA,ANTONIO COSTA NOBREGA JUNIOR,NAO IRREGULAR
201153,2009,PRINCESA ISABEL,THIAGO PEREIRA DE SOUSA SOARES,IRREGULAR
201153,2013,PRINCESA ISABEL,DOMINGOS SAVIO MAXIMIANO ROBERTO,IRREGULAR
201154,2009,PUXINANA,ABELARDO ANTONIO COUTINHO,IRREGULAR
201154,2013,PUXINANA,LUCIA DE FATIMA AIRES MIRANDA,IRREGULAR
201155,2009,QUEIMADAS,JOSE CARLOS DE SOUSA REGO,IRREGULAR
201155,2013,QUEIMADAS,JACO MOREIRA MACIEL,NAO IRREGULAR
201156,2009,QUIXABA,JULIO CEZAR DE MEDEIROS BATISTA,NAO IRREGULAR
201156,2013,QUIXABA,JULIO CEZAR DE MEDEIROS BATISTA,IRREGULAR
201157,2009,REMIGIO,LUIS CLAUDIO REGIS MARINHO,IRREGULAR
201157,2013,REMIGIO,MELCHIOR NAELSON BATISTA DA SILVA,NAO IRREGULAR
201158,2009,RIACHAO,PAULO DA CUNHA TORRES,NAO IRREGULAR
201158,2013,RIACHAO,FABIO MOURA DE MOURA,IRREGULAR
201159,2009,RIACHAO DO BACAMARTE,JOSE GIL MOTA TITO,NAO IRREGULAR
201159,2013,RIACHAO DO BACAMARTE,JOSE GIL MOTA TITO,IRREGULAR
201160,2009,RIACHAO DO POCO,MARIA AUXILIADORA DIAS DO REGO,IRREGULAR
201160,2013,RIACHAO DO POCO,JOSE CONSTANCIO SOBRINHO,NAO IRREGULAR
201161,2009,RIACHO DE SANTO ANTONIO,JOSE ROBERTO DE LIMA,IRREGULAR
201161,2013,RIACHO DE SANTO ANTONIO,JOSEVALDO DA SILVA COSTA,IRREGULAR
201162,2009,RIACHO DOS CAVALOS,SEBASTIAO PEREIRA PRIMO,IRREGULAR
201162,2013,RIACHO DOS CAVALOS,JOAQUIM HUGO VIEIRA CARNEIRO,IRREGULAR
201163,2009,RIO TINTO,MAGNA CELI FERNANDES GERBASI,NAO IRREGULAR
201163,2013,RIO TINTO,SEVERINA FERREIRA ALVES,NAO IRREGULAR
201164,2009,SALGADINHO,DEBORA CRISTIANE FARIAS MORAIS,NAO IRREGULAR
201164,2013,SALGADINHO,DEBORA CRISTIANE FARIAS MORAIS,NAO IRREGULAR
201165,2009,SALGADO DE SAO FELIX,ADAURIO ALMEIDA,IRREGULAR
201165,2013,SALGADO DE SAO FELIX,ADAURIO ALMEIDA,NAO IRREGULAR
201166,2009,SANTA CECILIA,ROBERTO FLORENTINO PESSOA,IRREGULAR
201166,2013,SANTA CECILIA,DANIEL LOPES DE MENDONCA,NAO IRREGULAR
201167,2009,SANTA CRUZ,RAIMUNDO ANTUNES BATISTA,IRREGULAR
201167,2013,SANTA CRUZ,RAIMUNDO ANTUNES BATISTA,NAO IRREGULAR
201168,2009,SANTA HELENA,ELAIR DINIZ BRASILEIRO,NAO IRREGULAR
201168,2013,SANTA HELENA,EMMANUEL FELIPE LUCENA MESSIAS,NAO IRREGULAR
201169,2009,SANTA INES,ADJEFFERSON KLEBER VIEIRA DINIZ,IRREGULAR
201169,2013,SANTA INES,JOAO NILDO LEITE,IRREGULAR
201170,2009,SANTA LUZIA,JOSE ADEMIR PEREIRA DE MORAIS,NAO IRREGULAR
201170,2013,SANTA LUZIA,JOSE ADEMIR PEREIRA DE MORAIS,NAO IRREGULAR
201171,2009,SANTA RITA,MARCUS ODILON RIBEIRO COUTINHO,IRREGULAR
201171,2013,SANTA RITA,REGINALDO PEREIRA DA COSTA,IRREGULAR
201172,2009,SANTA TERESINHA,DAVI CORDEIRO DE OLIVEIRA,NAO IRREGULAR
201172,2013,SANTA TERESINHA,JOSE DE ARIMATEIA NUNES CAMBOIM,NAO IRREGULAR
201173,2009,SANTANA DE MANGUEIRA,TANIA MANGUEIRA NITAO INACIO,IRREGULAR
201173,2013,SANTANA DE MANGUEIRA,TANIA MANGUEIRA NITAO INACIO,IRREGULAR
201174,2009,SANTANA DOS GARROTES,JOSE ALENCAR LIMA,IRREGULAR
201174,2013,SANTANA DOS GARROTES,ELIO RIBEIRO DE MORAIS,IRREGULAR
201175,2009,JOCA CLAUDINO,LUCRECIA ADRIANA DE ANDRADE BARBOSA DANTAS,IRREGULAR
201175,2013,JOCA CLAUDINO,LUCRECIA ADRIANA DE ANDRADE BARBOSA DANTAS,IRREGULAR
201176,2009,SANTO ANDRE,FENELON MEDEIROS FILHO,IRREGULAR
201176,2013,SANTO ANDRE,SILVANA FERNANDES MARINHO DE ARAUJO,NAO IRREGULAR
201177,2009,SAO BENTINHO,FRANCISCO ANDRADE CARREIRO,IRREGULAR
201177,2013,SAO BENTINHO,GIOVANA LEITE CAVALCANTI OLIMPIO,IRREGULAR
201178,2009,SAO BENTO,JACI SEVERINO DE SOUZA,NAO IRREGULAR
201178,2013,SAO BENTO,GEMILTON SOUZA DA SILVA,NAO IRREGULAR
201179,2009,SAO DOMINGOS,ADEILZA SOARES FREIRES,NAO IRREGULAR
201179,2013,SAO DOMINGOS,ODAISA DE CASSIA QUEIROGA DA SILVA NOBREGA,NAO IRREGULAR
201180,2009,SAO DOMINGOS DO CARIRI,JOSE FERREIRA DA SILVA,NAO IRREGULAR
201180,2013,SAO DOMINGOS DO CARIRI,JOSE FERREIRA DA SILVA,NAO IRREGULAR
201181,2009,SAO FRANCISCO,JOSE ROFRANTS LOPES CASIMIRO,NAO IRREGULAR
201181,2013,SAO FRANCISCO,JOAO BOSCO GADELHA DE OLIVEIRA FILHO,NAO IRREGULAR
201182,2009,SAO JOAO DO CARIRI,ROBERTO PEDRO MEDEIROS FILHO,IRREGULAR
201182,2013,SAO JOAO DO CARIRI,VALTER MARCONE MEDEIROS,NAO IRREGULAR
201183,2009,SAO JOAO DO RIO DO PEIXE,JOSE LAVOISIER GOMES DANTAS,IRREGULAR
201183,2013,SAO JOAO DO RIO DO PEIXE,JOSE AIRTON PIRES DE SOUSA,NAO IRREGULAR
201184,2009,SAO JOAO DO TIGRE,EDUARDO JORGE LIMA DE ARAUJO,IRREGULAR
201184,2013,SAO JOAO DO TIGRE,JOSE MAUCELIO BARBOSA,NAO IRREGULAR
201185,2009,SAO JOSE DA LAGOA TAPADA,EVILASIO FORMIGA LUCENA NETO,NAO IRREGULAR
201185,2013,SAO JOSE DA LAGOA TAPADA,EVILASIO FORMIGA LUCENA NETO,IRREGULAR
201186,2009,SAO JOSE DE CAIANA,JOSE WALTER MARINHO MARSICANO JUNIOR,IRREGULAR
201186,2013,SAO JOSE DE CAIANA,JOSE WALTER MARINHO MARSICANO JUNIOR,NAO IRREGULAR
201187,2009,SAO JOSE DE ESPINHARAS,RICARDO VILAR WANDERLEY NOBREGA,NAO IRREGULAR
201187,2013,SAO JOSE DE ESPINHARAS,RENE TRIGUEIRO CAROCA,NAO IRREGULAR
201188,2009,SAO JOSE DE PIRANHAS,DOMINGOS LEITE DA SILVA NETO,IRREGULAR
201188,2013,SAO JOSE DE PIRANHAS,DOMINGOS LEITE DA SILVA NETO,NAO IRREGULAR
201189,2009,SAO JOSE DE PRINCESA,LUIS FERREIRA DE MORAIS,NAO IRREGULAR
201189,2013,SAO JOSE DE PRINCESA,LUIZ FERREIRA DE MORAIS,NAO IRREGULAR
201190,2009,SAO JOSE DO BONFIM,ESAU RAUEL ARAUJO DA SILVA NOBREGA,NAO IRREGULAR
201190,2013,SAO JOSE DO BONFIM,ROSALBA GOMES DA NOBREGA,NAO IRREGULAR
201191,2009,SAO JOSE DO BREJO DO CRUZ,ALDINEIDE SARAIVA DE OLIVEIRA,IRREGULAR
201191,2013,SAO JOSE DO BREJO DO CRUZ,ALDINEIDE SARAIVA DE OLIVEIRA,IRREGULAR
201192,2009,SAO JOSE DO SABUGI,JOSE DERCI DE MEDEIROS,NAO IRREGULAR
201192,2009,SAO JOSE DO SABUGI,IRACEMA NELIS DE ARAUJO DANTAS,NAO IRREGULAR
201192,2013,SAO JOSE DO SABUGI,IRACEMA NELIS DE ARAUJO DANTAS,NAO IRREGULAR
201193,2009,SAO JOSE DOS CORDEIROS,FERNANDO MARCOS DE QUEIROZ,IRREGULAR
201193,2013,SAO JOSE DOS CORDEIROS,FERNANDO MARCOS DE QUEIROZ,NAO IRREGULAR
201194,2009,SAO JOSE DOS RAMOS,MARIA APARECIDA RODRIGUES DE AMORIM,IRREGULAR
201194,2013,SAO JOSE DOS RAMOS,EDUARDO GINDRE CAXIAS DE LIMA,IRREGULAR
201195,2009,SAO MAMEDE,FRANCISCO DAS CHAGAS LOPES DE SOUSA,IRREGULAR
201195,2013,SAO MAMEDE,FRANCISCO DAS CHAGAS LOPES DE SOUSA,NAO IRREGULAR
201196,2009,SAO MIGUEL DE TAIPU,MARCILENE SALES DA COSTA,NAO IRREGULAR
201196,2013,SAO MIGUEL DE TAIPU,CLODOALDO BELTRAO BEZERRA DE MELO,NAO IRREGULAR
201197,2009,SAO SEBASTIAO DE LAGOA DE ROCA,LUCIO FLAVIO BEZERRA DE BRITO,NAO IRREGULAR
201197,2013,SAO SEBASTIAO DE LAGOA DE ROCA,MARIA DO SOCORRO CARDOSO,NAO IRREGULAR
201198,2009,SAO SEBASTIAO DO UMBUZEIRO,FRANCISCO ALIPIO NEVES,NAO IRREGULAR
201198,2013,SAO SEBASTIAO DO UMBUZEIRO,FRANCISCO ALIPIO NEVES,NAO IRREGULAR
201199,2009,SAO VICENTE DO SERIDO,FRANCISCO ALVES DA SILVA,IRREGULAR
201199,2013,SAO VICENTE DO SERIDO,MARIA GRACIETE DO NASCIMENTO DANTAS,IRREGULAR
201200,2009,SAPE,JOAO CLEMENTE NETO,IRREGULAR
201200,2013,SAPE,FLAVIO ROBERTO MALHEIROS FELICIANO,IRREGULAR
201201,2009,SERRA BRANCA,EDUARDO JOSE TORREAO MOTA,IRREGULAR
201201,2013,SERRA BRANCA,EDUARDO JOSE TORREAO MOTA,NAO IRREGULAR
201202,2009,SERRA DA RAIZ,LUIZ GONZAGA BEZERRA DUARTE,IRREGULAR
201202,2013,SERRA DA RAIZ,ADAILMA FERNANDES DA SILVA,NAO IRREGULAR
201203,2009,SERRA GRANDE,JOAO BOSCO CAVALCANTE,IRREGULAR
201203,2013,SERRA GRANDE,JAIRO HALLEY DE MOURA CRUZ,IRREGULAR
201204,2009,SERRA REDONDA,MANOEL MARCELO DE ANDRADE,IRREGULAR
201204,2013,SERRA REDONDA,MANOEL MARCELO DE ANDRADE,NAO IRREGULAR
201205,2009,SERRARIA,SEVERINO FERREIRA DA SILVA,NAO IRREGULAR
201205,2013,SERRARIA,SEVERINO FERREIRA DA SILVA,NAO IRREGULAR
201206,2009,SERTAOZINHO,ANTONIO RIBEIRO FILHO,NAO IRREGULAR
201206,2013,SERTAOZINHO,MARCIA MOUSINHO ARAUJO,NAO IRREGULAR
201207,2009,SOBRADO,CELIA MARIA DE OLIVEIRA MELO,NAO IRREGULAR
201207,2013,SOBRADO,GEORGE JOSE PORCIUNCULA PEREIRA COELHO,NAO IRREGULAR
201208,2009,SOLANEA,FRANCISCO DE ASSIS DE MELO,IRREGULAR
201208,2013,SOLANEA,SEBASTIAO ALBERTO CANDIDO DA CRUZ,IRREGULAR
201209,2009,SOLEDADE,JOSE IVANILDO BARROS GOUVEIA,IRREGULAR
201209,2013,SOLEDADE,JOSE BENTO LEITE DO NASCIMENTO,NAO IRREGULAR
201209,2013,SOLEDADE,FLAVIO AURELIANO DA SILVA NETO,NAO IRREGULAR
201210,2009,SOSSEGO,CARLOS ANTONIO ALVES DA SILVA,IRREGULAR
201210,2013,SOSSEGO,CARLOS ANTONIO ALVES DA SILVA,NAO IRREGULAR
201211,2009,SOUSA,FABIO TYRONE BRAGA DE OLIVEIRA,NAO IRREGULAR
201211,2013,SOUSA,ANDRE AVELINO DE PAIVA GADELHA NETO,NAO IRREGULAR
201212,2009,SUME,FRANCISCO DUARTE DA SILVA NETO,IRREGULAR
201212,2013,SUME,FRANCISCO DUARTE DA SILVA NETO,NAO IRREGULAR
201213,2009,TAPEROA,DEOCLECIO MOURA FILHO,IRREGULAR
201213,2013,TAPEROA,JURANDI GOUVEIA FARIAS,IRREGULAR
201214,2009,TAVARES,JOSE SEVERIANO DE PAULO BEZERRA DA SILVA,IRREGULAR
201214,2013,TAVARES,AILTON NIXON SUASSUNA PORTO,NAO IRREGULAR
201215,2009,TEIXEIRA,WENCESLAU SOUZA MARQUES,IRREGULAR
201215,2013,TEIXEIRA,EDMILSON ALVES DOS REIS,NAO IRREGULAR
201216,2009,TENORIO,DENILTON GUEDES ALVES,IRREGULAR
201216,2013,TENORIO,EVILAZIO DE ARAUJO SOUTO,IRREGULAR
201217,2009,TRIUNFO,ITAMAR MANGUEIRA DE SOUSA,IRREGULAR
201217,2013,TRIUNFO,DAMISIO MANGUEIRA DA SILVA,NAO IRREGULAR
201218,2009,UIRAUNA,GLORIA GEANE DE OLIVEIRA FERNANDES,NAO IRREGULAR
201218,2013,UIRAUNA,JOAO BOSCO NONATO FERNANDES,IRREGULAR
201219,2009,UMBUZEIRO,ANTONIO FERNANDES DE LIMA,IRREGULAR
201219,2013,UMBUZEIRO,THIAGO PESSOA CAMELO,IRREGULAR
201220,2009,VARZEA,JOSE IVALDO DE MORAIS,NAO IRREGULAR
201220,2013,VARZEA,JOSE IVALDO DE MORAIS,NAO IRREGULAR
201221,2009,VIEIROPOLIS,MARCOS PEREIRA DE OLIVEIRA,IRREGULAR
201221,2013,VIEIROPOLIS,ANTONIO CEZAR BRAGA,NAO IRREGULAR
201222,2009,VISTA SERRANA,JURANDY ARAUJO DA SILVA,NAO IRREGULAR
201222,2013,VISTA SERRANA,JURANDY ARAUJO DA SILVA,NAO IRREGULAR
201223,2009,ZABELE,IRIS DE CEU DE SOUSA HENRIQUE,IRREGULAR
201223,2013,ZABELE,IRIS DE CEU DE SOUSA HENRIQUE,NAO IRREGULAR
